SET SQL_MODE = "NO_AUTO_VALUE_ON_ZERO";

/*!40101 SET @OLD_CHARACTER_SET_CLIENT=@@CHARACTER_SET_CLIENT */;
/*!40101 SET @OLD_CHARACTER_SET_RESULTS=@@CHARACTER_SET_RESULTS */;
/*!40101 SET @OLD_COLLATION_CONNECTION=@@COLLATION_CONNECTION */;
/*!40101 SET NAMES utf8 */;

CREATE TABLE IF NOT EXISTS `entrega` (
  `idEntrega` int(11) NOT NULL AUTO_INCREMENT,
  `nrEntrega` int(11) NOT NULL,
  `dtEntrega` datetime NOT NULL,
  `qtEntrega` decimal(20,3) NOT NULL,
  `idItem` int(11) NOT NULL,
  PRIMARY KEY (`idEntrega`),
  KEY `item_idx` (`idItem`)
) ENGINE=InnoDB DEFAULT CHARSET=utf8 COLLATE=utf8_unicode_ci AUTO_INCREMENT=1 ;

CREATE TABLE IF NOT EXISTS `item` (
  `idItem` int(11) NOT NULL AUTO_INCREMENT,
  `nrItem` int(11) NOT NULL,
  `qtItem` decimal(20,3) NOT NULL,
  `cdUnidadeItem` char(2) COLLATE utf8_unicode_ci NOT NULL,
  `vlUnitario` decimal(20,2) NOT NULL,
  `vlDescontoItem` decimal(20,2) NOT NULL,
  `idPedido` int(11) NOT NULL,
  `idProduto` int(11) NOT NULL,
  PRIMARY KEY (`idItem`),
  KEY `produto_idx` (`idProduto`),
  KEY `pedido_idx` (`idPedido`)
) ENGINE=InnoDB DEFAULT CHARSET=utf8 COLLATE=utf8_unicode_ci AUTO_INCREMENT=1 ;

CREATE TABLE IF NOT EXISTS `material` (
  `idMaterial` int(11) NOT NULL AUTO_INCREMENT,
  `nmMaterial` varchar(255) CHARACTER SET latin1 NOT NULL,
  PRIMARY KEY (`idMaterial`)
) ENGINE=InnoDB  DEFAULT CHARSET=utf8 COLLATE=utf8_unicode_ci AUTO_INCREMENT=3 ;

INSERT INTO `material` (`idMaterial`, `nmMaterial`) VALUES
(1, 'INOX'),
(2, 'CAPITAL');

CREATE TABLE IF NOT EXISTS `medida` (
  `idMedida` int(11) NOT NULL AUTO_INCREMENT,
  `nmMedida` varchar(255) NOT NULL,
  PRIMARY KEY (`idMedida`)
) ENGINE=InnoDB  DEFAULT CHARSET=latin1 AUTO_INCREMENT=179 ;

INSERT INTO `medida` (`idMedida`, `nmMedida`) VALUES
(1, '9,54'),
(2, '12,70'),
(5, '15,88 X 1,50'),
(6, '13,72 X 1,65'),
(7, '13,72 X 2,24'),
(8, '17,15 X 1,65'),
(9, '10 X 1,00'),
(10, '15 X 1,50'),
(11, '20 X 1,50'),
(12, '20 X 10 X 1,50'),
(15, '30 X 15 X 1,50'),
(16, '30 X 20 X 1,50'),
(17, '3,17'),
(18, '4,76'),
(19, '3,97'),
(20, '3/4" X 1/8"'),
(21, '1" X 1/8"'),
(22, '2" X 1/2"'),
(23, '2" X 1/4"'),
(24, '2000 X 1000'),
(25, '9,54 x 1,50'),
(26, '12,70 x 1,50'),
(27, '9,54 x 1,00'),
(28, '15,88 x 1,50'),
(29, '15,88 x 2,00'),
(30, '19,05 x 1,50'),
(31, '19,05 x 2,00'),
(32, '22,22 x 1,50'),
(33, '22,22 x 2,00'),
(34, '25,40 x 1,50'),
(35, '25,40 x 2,00'),
(36, '25,40 x 3,00'),
(37, '31,75 x 1,50'),
(38, '31,75 x 2,00'),
(39, '31,75 x 3,00'),
(40, '38,10 x 1,50'),
(41, '38,10 x 2,00'),
(42, '38,10 x 3,00'),
(43, '44,45 x 1,50'),
(44, '44,45 x 2,00'),
(45, '50,80 x 1,50'),
(46, '50,80 x 2,00'),
(47, '50,80 x 3,00'),
(48, '63,50 x 1,50'),
(49, '63,50 x 2,00'),
(50, '63,50 x 3,00'),
(51, '76,20 x 1,50'),
(52, '76,20 x 2,00'),
(53, '76,20 x 3,00'),
(54, '101,60 x 1,50'),
(55, '101,60 x 2,00'),
(56, '127,00 x 2,00'),
(57, '127,00 x 2,50'),
(58, '152,00 x 2,00'),
(59, '152,00 x 2,50'),
(60, '17,15 X 2,31'),
(61, '21,34 X 1,65'),
(62, '21,34 X 2,11'),
(63, '21,34 X 2,77'),
(64, '26,67 X 1,65'),
(65, '26,67 X 1'),
(66, '26,67 X 2,11'),
(67, '26,67 X 2,87'),
(68, '33,40 X 1,65'),
(69, '33,40 X 2,77'),
(70, '33,40 X 3,38'),
(71, '42,16 X 1,65'),
(72, '42,16 X 2,77'),
(73, '42,16 X 3,56'),
(74, '48,26X 1,65'),
(75, '48,26 X 2,77'),
(76, '48,26 X 3,68'),
(77, '60,33x 1,65'),
(78, '60,33 x 2,77'),
(79, '60,33 x 3,91'),
(80, '73,03 x 2,11'),
(81, '73,03 x 3,05'),
(82, '73,03 x 5,16'),
(83, '88,90 x 2,11'),
(84, '88,90 x 3,05'),
(85, '88,90 x 5,49'),
(86, '101,60 x 2,11'),
(87, '101,60 x 3,05'),
(88, '101,60 x 5,74'),
(89, '114,30 x 2,11'),
(90, '114,30 x 3,05'),
(91, '114,30 x 6,02'),
(92, '141,30 x '),
(93, '141,30 x 2,77'),
(94, '141,30 x 3,40'),
(95, '141,30 x 6,55 '),
(96, '168,28 x 2,77'),
(97, '168,28 x 3,40'),
(98, '168,28 x 7,11'),
(99, '219,08 x 2,77'),
(100, '219,08 x 3,76'),
(101, '219,08 x 8,18'),
(102, '273,05 x 3,40'),
(103, '273,05 x 4,19'),
(104, '273,05 x 9,27'),
(105, '15 x 1,20'),
(106, '20 x 1,00'),
(107, '20 x 1,20'),
(108, '20 x 1,50'),
(109, '20 x 2,00'),
(110, '25 x 1,00'),
(111, '25 x 1,20'),
(112, '25 x 1,50'),
(113, '25 x 2,00'),
(114, '30 x 1,20'),
(115, '30 x 1,50'),
(116, '30 x 2,00'),
(117, '35 x 1,20'),
(118, '35 x 1,50'),
(119, '35 x 2,00'),
(120, '40 x 1,20'),
(121, '40 x 1,50'),
(122, '40 x 2,00'),
(123, '40 x 3,00'),
(124, '50 x 1,20'),
(125, '50 x 1,50'),
(126, '50 x 2,00'),
(127, '50 x 3,00'),
(128, '60 x 1,50'),
(129, '60 x 2,00'),
(130, '60 x 3,00'),
(131, '80 x 1,50'),
(132, '80 x 2,00'),
(133, '80 x 3,00'),
(134, '100 x 2,00'),
(135, '100 x 3,00'),
(136, '20 x 10 x 1,20'),
(137, '30 x 15  x 1,00'),
(138, '30 x 15 x 1,20'),
(139, '30 x 20 x 1,00'),
(140, '30 x 20 x 1,20'),
(141, '30 x 20 x 1,50'),
(142, '40 x 10 x 1,20'),
(143, '40 x 10 x 1'),
(144, '40 x 10 x 1,50'),
(145, '40 x 20 x 1,00'),
(146, '40 x 20 1,20'),
(147, '40 x 20 x 1,20'),
(148, '40 x 20 x 1,50'),
(149, '40 x 25 x 1,20'),
(150, '40 x 25 x 1,50'),
(151, '50 x 25 x 1,20'),
(152, '50 x 25 x 1,50'),
(153, '50 x 30 x 1,20'),
(154, '50 x 30 x 1,50'),
(155, '50 x 30 x 2,00'),
(156, '60 x 30 x 1,50'),
(157, '60 x 30 x 2,00'),
(158, '60 x 40 x 1,50'),
(159, '60 x 40 x 2,00'),
(160, '80 x 40 x 1,50'),
(161, '80 x 40 x 2,00'),
(162, '100 x 50 x 1,50'),
(163, '100 x 50 x 2,00'),
(164, '6,35'),
(165, '7,93'),
(166, '9,52'),
(167, '11,11'),
(168, '14,28'),
(169, '15,87'),
(170, '19,05'),
(171, '22,22'),
(172, '25,40'),
(173, '31,75'),
(174, '38,10'),
(175, '44,45'),
(176, '50,80'),
(177, '1,13 X 1000 - FRD 27'),
(178, 'CEDULAS');

CREATE TABLE IF NOT EXISTS `pagamento` (
  `idPagamento` int(11) NOT NULL AUTO_INCREMENT,
  `nrPagamento` int(11) NOT NULL,
  `dtPagamento` datetime NOT NULL,
  `vlPagamento` decimal(20,2) NOT NULL,
  `tpPagamento` char(2) COLLATE utf8_unicode_ci NOT NULL,
  `idPedido` int(11) NOT NULL,
  PRIMARY KEY (`idPagamento`),
  KEY `pedido_idx` (`idPedido`)
) ENGINE=InnoDB DEFAULT CHARSET=utf8 COLLATE=utf8_unicode_ci AUTO_INCREMENT=1 ;

CREATE TABLE IF NOT EXISTS `pedido` (
  `idPedido` int(11) NOT NULL AUTO_INCREMENT,
  `tpPedido` char(1) COLLATE utf8_unicode_ci NOT NULL,
  `dtPedido` datetime NOT NULL,
  `dsPedido` varchar(255) COLLATE utf8_unicode_ci DEFAULT NULL,
  `dsEndereco` varchar(255) COLLATE utf8_unicode_ci DEFAULT NULL,
  `vlDesconto` decimal(20,2) NOT NULL,
  `idUsuario` int(11) NOT NULL,
  `idPessoa` int(11) DEFAULT NULL,
  PRIMARY KEY (`idPedido`),
  KEY `usuario_idx` (`idUsuario`),
  KEY `pessoa_idx` (`idPessoa`)
) ENGINE=InnoDB  DEFAULT CHARSET=utf8 COLLATE=utf8_unicode_ci AUTO_INCREMENT=182 ;

CREATE TABLE IF NOT EXISTS `pessoa` (
  `idPessoa` int(11) NOT NULL AUTO_INCREMENT,
  `nmPessoa` varchar(255) COLLATE utf8_unicode_ci NOT NULL,
  `tpPessoa` varchar(1) COLLATE utf8_unicode_ci NOT NULL,
  `dsPessoa` varchar(1) COLLATE utf8_unicode_ci NOT NULL,
  `cdEmail` varchar(255) COLLATE utf8_unicode_ci NOT NULL,
  `cdCPFCNPJ` varchar(255) COLLATE utf8_unicode_ci NOT NULL,
  `cdRGIE` varchar(255) COLLATE utf8_unicode_ci NOT NULL,
  `cdTelefone` varchar(255) COLLATE utf8_unicode_ci NOT NULL,
  `cdCelular` varchar(255) COLLATE utf8_unicode_ci NOT NULL,
  PRIMARY KEY (`idPessoa`)
) ENGINE=InnoDB  DEFAULT CHARSET=utf8 COLLATE=utf8_unicode_ci AUTO_INCREMENT=3 ;

INSERT INTO `pessoa` (`idPessoa`, `nmPessoa`, `tpPessoa`, `dsPessoa`, `cdEmail`, `cdCPFCNPJ`, `cdRGIE`, `cdTelefone`, `cdCelular`) VALUES
(1, 'Cliente 1', 'C', 'F', 'cliente@email.com', '111.111.111-11', '11.111.111-1', '(33) 3333-3333', '(99) 99999-9999'),
(2, 'Fornecedor 1', 'F', 'J', 'fornecedor@email.com', '11.111.111/0001-11', '111.111.111.111', '(33) 3333-3333', '(99) 99999-9999');

CREATE TABLE IF NOT EXISTS `produto` (
  `idProduto` int(11) NOT NULL AUTO_INCREMENT,
  `vlCompra` decimal(20,2) NOT NULL,
  `vlVenda` decimal(20,2) NOT NULL,
  `cdNCM` varchar(11) DEFAULT NULL,
  `vlKGMT` decimal(20,3) DEFAULT NULL,
  `vlKGPC` decimal(20,3) DEFAULT NULL,
  `vlMTPC` decimal(20,3) DEFAULT NULL,
  `cdUnidade` char(2) NOT NULL,
  `qtMinimo` decimal(20,3) DEFAULT NULL,
  `mmParado` int(11) DEFAULT NULL,
  `idTipo` int(11) NOT NULL,
  `idMaterial` int(11) NOT NULL,
  `idQuimica` int(11) NOT NULL,
  `idMedida` int(11) NOT NULL,
  `vlPolegadas` varchar(25) DEFAULT NULL,
  `idPessoa` int(11) DEFAULT NULL,
  PRIMARY KEY (`idProduto`),
  UNIQUE KEY `id_produto_UNIQUE` (`idProduto`),
  KEY `tipo_idx` (`idTipo`),
  KEY `material_idx` (`idMaterial`),
  KEY `quimica_idx` (`idQuimica`),
  KEY `medida_idx` (`idMedida`),
  KEY `pessoa_idx` (`idPessoa`)
) ENGINE=InnoDB  DEFAULT CHARSET=utf8 AUTO_INCREMENT=174 ;

INSERT INTO `produto` (`idProduto`, `vlCompra`, `vlVenda`, `cdNCM`, `vlKGMT`, `vlKGPC`, `vlMTPC`, `cdUnidade`, `qtMinimo`, `mmParado`, `idTipo`, `idMaterial`, `idQuimica`, `idMedida`, `vlPolegadas`, `idPessoa`) VALUES
(1, 15.04, 22.11, '0000.00.00', 0.990, 5.940, 6.000, 'KG', 12.000, 3, 7, 1, 1, 2, '1/2', 2),
(2, 9.39, 13.80, '0000.00.00', 0.550, 3.300, 6.000, 'PÇ', 2.000, 3, 1, 1, 1, 5, '5,8', 2),
(3, 9.39, 13.80, '0000.00.00', 0.550, 3.300, 6.000, 'PÇ', 2.000, 3, 1, 1, 1, 5, '5/8', 2),
(4, 8.03, 11.80, '0000.00.00', 0.500, 3.000, 6.000, 'PÇ', 2.000, 3, 3, 1, 1, 6, '1/4', NULL),
(5, 10.45, 15.36, '0000.00.00', 0.630, 3.780, 6.000, 'PÇ', 2.000, 3, 4, 1, 1, 7, '1/4', NULL),
(6, 10.11, 14.86, '0000.00.00', 0.630, 3.780, 6.000, 'PÇ', 2.000, 3, 3, 1, 1, 8, '3/8', NULL),
(7, 4.47, 6.57, '0000.00.00', 0.294, 1.764, 6.000, 'PÇ', 2.000, 3, 5, 1, 1, 9, '', NULL),
(8, 10.26, 15.08, '0000.00.00', 0.661, 3.966, 6.000, 'PÇ', 2.000, 3, 5, 1, 1, 10, '', NULL),
(9, 14.00, 20.58, '0000.00.00', 0.901, 5.406, 6.000, 'PÇ', 2.000, 3, 5, 1, 1, 11, '', NULL),
(10, 14.00, 20.58, '0000.00.00', 0.901, 5.406, 6.000, 'MT', 12.000, 3, 5, 1, 1, 11, '', NULL),
(11, 10.23, 15.04, '0000.00.00', 0.661, 3.966, 6.000, 'PÇ', 2.000, 3, 6, 1, 1, 12, '', NULL),
(12, 16.65, 24.48, '0000.00.00', 1.020, 6.120, 6.000, 'PÇ', 2.000, 3, 6, 1, 1, 15, '', NULL),
(13, 17.73, 26.06, '0000.00.00', 1.140, 6.840, 6.000, 'PÇ', 2.000, 3, 6, 1, 1, 16, '', NULL),
(14, 15.98, 23.49, '0000.00.00', 0.062, 0.372, 6.000, 'KG', 12.000, 3, 7, 1, 1, 17, '1/8', NULL),
(15, 15.51, 22.80, '0000.00.00', 0.149, 0.894, 6.000, 'KG', 12.000, 3, 7, 1, 1, 18, '3/16', NULL),
(16, 15.98, 23.49, '0000.00.00', 0.097, 0.582, 6.000, 'KG', 12.000, 3, 7, 1, 1, 19, '5/32', NULL),
(17, 16.45, 24.18, '0000.00.00', 0.470, 2.820, 6.000, 'KG', 12.000, 3, 8, 1, 1, 20, '', NULL),
(18, 16.45, 24.18, '0000.00.00', 0.867, 5.202, 6.000, 'KG', 12.000, 3, 9, 1, 1, 20, '', NULL),
(19, 16.45, 24.18, '0000.00.00', 0.630, 3.780, 6.000, 'KG', 12.000, 3, 8, 1, 1, 21, '', NULL),
(20, 16.45, 24.18, '0000.00.00', 1.183, 7.098, 6.000, 'KG', 12.000, 3, 9, 1, 1, 21, '', NULL),
(21, 15.51, 22.80, '0000.00.00', 5.060, 30.360, 6.000, 'KG', 12.000, 3, 8, 1, 1, 22, '', NULL),
(22, 15.51, 22.80, '0000.00.00', 4.717, 28.302, 6.000, 'KG', 12.000, 3, 9, 1, 1, 23, '', NULL),
(23, 11.00, 16.17, '0000.00.00', 0.000, 20.000, 0.000, 'KG', 60.000, 3, 11, 1, 1, 24, '', NULL),
(24, 6.48, 9.53, '0000.00.00', 0.301, 1.806, 6.000, 'PÇ', 2.000, 3, 1, 1, 1, 25, '3/8', NULL),
(25, 8.47, 12.45, '0000.00.00', 0.420, 2.520, 6.000, 'PÇ', 2.000, 3, 1, 1, 1, 26, '1/2', NULL),
(26, 9.39, 13.80, '0000.00.00', 0.550, 3.300, 6.000, 'PÇ', 2.000, 3, 1, 1, 1, 28, '5/8', NULL),
(27, 9.39, 13.80, '0000.00.00', 0.550, 3.300, 6.000, 'PÇ', 2.000, 3, 1, 1, 1, 28, '5,8', NULL),
(28, 11.34, 16.67, '0000.00.00', 0.693, 4.158, 6.000, 'PÇ', 2.000, 3, 1, 1, 1, 29, '5/8', NULL),
(29, 11.27, 16.57, '0000.00.00', 0.660, 3.960, 6.000, 'MT', 12.000, 3, 1, 1, 1, 30, '3/4', NULL),
(30, 14.57, 21.42, '0000.00.00', 0.853, 5.118, 6.000, 'MT', 12.000, 3, 1, 1, 1, 31, '3/4', NULL),
(31, 13.25, 19.48, '0000.00.00', 0.777, 4.662, 6.000, 'MT', 12.000, 3, 1, 1, 1, 32, '7/8', NULL),
(32, 14.23, 20.92, '0000.00.00', 1.011, 6.066, 6.000, 'MT', 12.000, 3, 1, 1, 1, 33, '7/8', NULL),
(33, 14.22, 20.90, '0000.00.00', 0.900, 5.400, 6.000, 'MT', 12.000, 3, 1, 1, 1, 34, '1', NULL),
(34, 18.54, 27.25, '0000.00.00', 1.172, 7.032, 6.000, 'MT', 12.000, 3, 1, 1, 1, 35, '1', NULL),
(35, 27.81, 40.88, '0000.00.00', 1.705, 10.230, 6.000, 'MT', 12.000, 3, 1, 1, 1, 36, '1', NULL),
(36, 18.09, 26.59, '0000.00.00', 1.144, 6.864, 6.000, 'MT', 12.000, 3, 1, 1, 1, 37, '1 1/4', NULL),
(37, 23.75, 34.91, '0000.00.00', 1.502, 9.012, 6.000, 'MT', 12.000, 3, 1, 1, 1, 38, '1 1/4', NULL),
(38, 34.56, 50.80, '0000.00.00', 2.185, 13.110, 6.000, 'MT', 12.000, 3, 1, 1, 1, 39, '1 1/4', NULL),
(39, 21.74, 31.96, '0000.00.00', 1.375, 8.250, 6.000, 'MT', 12.000, 3, 1, 1, 1, 40, '1 1/2', NULL),
(40, 28.59, 42.03, '0000.00.00', 1.808, 10.848, 6.000, 'MT', 12.000, 3, 1, 1, 1, 41, '1 1/2', NULL),
(41, 42.34, 62.24, '0000.00.00', 2.677, 16.062, 6.000, 'MT', 12.000, 3, 1, 1, 1, 42, '1 1/2', NULL),
(42, 25.50, 37.49, '0000.00.00', 1.613, 9.678, 6.000, 'MT', 12.000, 3, 1, 1, 1, 43, '1 3/4', NULL),
(43, 33.62, 49.42, '0000.00.00', 2.126, 12.756, 6.000, 'MT', 12.000, 3, 1, 1, 1, 44, '1 3/4', NULL),
(44, 29.25, 43.00, '0000.00.00', 1.850, 11.100, 6.000, 'MT', 12.000, 3, 1, 1, 1, 45, '2', NULL),
(45, 38.64, 56.80, '0000.00.00', 2.444, 14.664, 6.000, 'MT', 12.000, 3, 1, 1, 1, 46, '2', NULL),
(46, 54.73, 80.45, '0000.00.00', 3.460, 20.760, 6.000, 'MT', 12.000, 3, 1, 1, 1, 47, '2', NULL),
(47, 36.83, 54.14, '0000.00.00', 2.329, 13.974, 6.000, 'MT', 12.000, 3, 1, 1, 1, 48, '2 1/2', NULL),
(48, 48.71, 71.60, '0000.00.00', 3.080, 18.480, 6.000, 'MT', 12.000, 3, 1, 1, 1, 49, '2 1/2', NULL),
(49, 64.21, 94.39, '0000.00.00', 4.617, 27.702, 6.000, 'MT', 12.000, 3, 1, 1, 1, 50, '2 1/2', NULL),
(50, 44.38, 65.24, '0000.00.00', 2.806, 16.836, 6.000, 'MT', 12.000, 3, 1, 1, 1, 51, '3', NULL),
(51, 58.77, 86.39, '0000.00.00', 3.716, 22.296, 6.000, 'MT', 12.000, 3, 1, 1, 1, 52, '3', NULL),
(52, 78.43, 115.29, '0000.00.00', 5.555, 33.330, 6.000, 'MT', 12.000, 3, 1, 1, 1, 53, '3', NULL),
(53, 59.34, 87.23, '0000.00.00', 3.760, 22.560, 6.000, 'MT', 12.000, 3, 1, 1, 1, 54, '4', NULL),
(54, 79.08, 116.25, '0000.00.00', 5.000, 30.000, 6.000, 'MT', 12.000, 3, 1, 1, 1, 55, '4', NULL),
(55, 99.41, 146.13, '0000.00.00', 6.285, 37.710, 6.000, 'MT', 12.000, 3, 1, 1, 1, 56, '5', NULL),
(56, 124.16, 182.52, '0000.00.00', 7.856, 47.136, 6.000, 'MT', 12.000, 3, 1, 1, 1, 57, '5', NULL),
(57, 118.81, 174.65, '0000.00.00', 7.512, 45.072, 6.000, 'MT', 12.000, 3, 1, 1, 1, 58, '6', NULL),
(58, 148.50, 218.30, '0000.00.00', 9.390, 56.340, 6.000, 'MT', 12.000, 3, 1, 1, 1, 59, '6', NULL),
(59, 13.64, 20.05, '0000.00.00', 0.860, 5.160, 6.000, 'MT', 12.000, 3, 4, 1, 1, 60, '3/8', NULL),
(60, 12.45, 18.30, '0000.00.00', 0.813, 4.878, 6.000, 'MT', 12.000, 3, 12, 1, 1, 61, '1/2', NULL),
(61, 15.39, 22.62, '0000.00.00', 1.020, 6.120, 6.000, 'MT', 12.000, 3, 3, 1, 1, 62, '1/2', NULL),
(62, 19.67, 28.91, '0000.00.00', 1.300, 7.800, 6.000, 'MT', 12.000, 3, 4, 1, 1, 63, '1/2', NULL),
(63, 15.32, 22.52, '0000.00.00', 1.030, 6.180, 6.000, 'MT', 12.000, 3, 12, 1, 1, 64, '3/4', NULL),
(64, 19.04, 27.99, '0000.00.00', 1.300, 7.800, 6.000, 'MT', 12.000, 3, 3, 1, 1, 66, '3/4', NULL),
(65, 25.31, 37.21, '0000.00.00', 1.710, 10.260, 6.000, 'MT', 12.000, 3, 4, 1, 1, 67, '3/4', NULL),
(66, 19.24, 28.28, '0000.00.00', 1.310, 7.860, 6.000, 'MT', 12.000, 3, 12, 1, 1, 68, '1', NULL),
(67, 30.86, 45.36, '0000.00.00', 2.120, 12.720, 6.000, 'MT', 12.000, 3, 3, 1, 1, 69, '1', NULL),
(68, 37.21, 54.70, '0000.00.00', 2.540, 15.240, 6.000, 'MT', 12.000, 3, 4, 1, 1, 70, '1', NULL),
(69, 24.31, 35.74, '0000.00.00', 1.670, 10.020, 6.000, 'MT', 12.000, 3, 12, 1, 1, 71, '1 1/4', NULL),
(70, 40.14, 59.01, '0000.00.00', 2.730, 16.380, 6.000, 'MT', 12.000, 3, 3, 1, 1, 72, '1 1/4', NULL),
(71, 50.56, 74.32, '0000.00.00', 3.440, 20.640, 6.000, 'MT', 12.000, 3, 4, 1, 1, 73, '1 1/4', NULL),
(72, 27.95, 41.09, '0000.00.00', 1.930, 11.580, 6.000, 'MT', 12.000, 3, 12, 1, 1, 74, '1 1/2', NULL),
(73, 45.32, 66.62, '0000.00.00', 3.160, 18.960, 6.000, 'MT', 12.000, 3, 3, 1, 1, 75, '1 1/2', NULL),
(74, 59.51, 87.48, '0000.00.00', 4.110, 24.660, 6.000, 'MT', 12.000, 3, 4, 1, 1, 76, '1 1/2', NULL),
(75, 35.21, 51.76, '0000.00.00', 2.420, 14.520, 6.000, 'MT', 12.000, 3, 12, 1, 1, 77, '2', NULL),
(76, 57.34, 84.29, '0000.00.00', 3.980, 23.880, 6.000, 'MT', 12.000, 3, 3, 1, 1, 78, '2', NULL),
(77, 80.01, 117.61, '0000.00.00', 5.530, 33.180, 6.000, 'MT', 12.000, 3, 4, 1, 1, 79, '2', NULL),
(78, 54.40, 79.97, '0000.00.00', 3.750, 22.500, 6.000, 'MT', 12.000, 3, 12, 1, 1, 80, '2 1/2', NULL),
(79, 76.78, 112.87, '0000.00.00', 5.330, 31.980, 6.000, 'MT', 12.000, 3, 3, 1, 1, 81, '2 1/2', NULL),
(80, 127.04, 186.75, '0000.00.00', 8.750, 52.500, 6.000, 'MT', 12.000, 3, 4, 1, 1, 82, '2 1/2', NULL),
(81, 66.59, 97.89, '0000.00.00', 4.520, 27.120, 6.000, 'MT', 12.000, 3, 12, 1, 1, 83, '3', NULL),
(82, 94.18, 138.44, '0000.00.00', 6.450, 38.700, 6.000, 'MT', 12.000, 3, 3, 1, 1, 84, '3', NULL),
(83, 166.14, 244.23, '0000.00.00', 11.450, 68.700, 6.000, 'MT', 12.000, 3, 4, 1, 1, 85, '3', NULL),
(84, 76.35, 112.23, '0000.00.00', 5.170, 31.020, 6.000, 'MT', 12.000, 3, 12, 1, 1, 86, '3 1/2', NULL),
(85, 108.13, 158.95, '0000.00.00', 7.400, 44.400, 6.000, 'MT', 12.000, 3, 3, 1, 1, 87, '3 1/2', NULL),
(86, 202.28, 297.35, '0000.00.00', 13.760, 82.560, 6.000, 'MT', 12.000, 3, 4, 1, 1, 88, '3 1/2', NULL),
(87, 86.09, 126.55, '0000.00.00', 5.830, 34.980, 6.000, 'MT', 12.000, 3, 12, 1, 1, 89, '4', NULL),
(88, 122.03, 179.38, '0000.00.00', 8.350, 50.100, 6.000, 'MT', 12.000, 3, 3, 1, 1, 90, '4', NULL),
(89, 239.56, 352.15, '0000.00.00', 16.300, 97.800, 6.000, 'MT', 12.000, 3, 4, 1, 1, 91, '4', NULL),
(90, 139.52, 205.09, '0000.00.00', 9.450, 56.700, 6.000, 'MT', 12.000, 3, 12, 1, 1, 93, '5', NULL),
(91, 168.64, 247.90, '0000.00.00', 11.600, 69.600, 6.000, 'MT', 12.000, 3, 3, 1, 1, 94, '5', NULL),
(92, 324.38, 476.84, '0000.00.00', 22.090, 132.540, 6.000, 'MT', 12.000, 3, 4, 1, 1, 95, '5', NULL),
(93, 166.69, 245.03, '0000.00.00', 11.300, 67.800, 6.000, 'MT', 12.000, 3, 12, 1, 1, 96, '6', NULL),
(94, 201.61, 296.37, '0000.00.00', 13.800, 82.800, 6.000, 'MT', 12.000, 3, 3, 1, 1, 97, '6', NULL),
(95, 424.95, 624.68, '0000.00.00', 28.650, 171.900, 6.000, 'MT', 12.000, 3, 4, 1, 1, 98, '6', NULL),
(96, 217.57, 319.83, '0000.00.00', 14.800, 88.800, 6.000, 'MT', 12.000, 3, 12, 1, 1, 99, '8', NULL),
(97, 292.55, 430.05, '0000.00.00', 19.900, 119.400, 6.000, 'MT', 12.000, 3, 3, 1, 1, 100, '8', NULL),
(98, 631.69, 928.58, '0000.00.00', 42.970, 257.820, 6.000, 'MT', 12.000, 3, 4, 1, 1, 101, '8', NULL),
(99, 331.68, 487.57, '0000.00.00', 22.600, 135.600, 6.000, 'MT', 12.000, 3, 12, 1, 1, 102, '10', NULL),
(100, 408.67, 600.74, '0000.00.00', 27.800, 166.800, 6.000, 'MT', 12.000, 3, 3, 1, 1, 103, '10', NULL),
(101, 886.45, 1303.08, '0000.00.00', 60.300, 361.800, 6.000, 'MT', 12.000, 3, 4, 1, 1, 104, '10', NULL),
(102, 8.64, 12.70, '0000.00.00', 0.556, 3.336, 6.000, 'MT', 12.000, 3, 5, 1, 1, 105, '', NULL),
(103, 9.52, 13.99, '0000.00.00', 0.613, 3.678, 6.000, 'MT', 12.000, 3, 5, 1, 1, 106, '', NULL),
(104, 11.35, 16.68, '0000.00.00', 0.730, 4.380, 6.000, 'MT', 12.000, 3, 5, 1, 1, 107, '', NULL),
(105, 14.00, 20.58, '0000.00.00', 0.901, 5.406, 6.000, 'PÇ', 2.000, 3, 5, 1, 1, 108, '', NULL),
(106, 14.00, 20.58, '0000.00.00', 0.901, 5.406, 6.000, 'MT', 12.000, 3, 5, 1, 1, 108, '', NULL),
(107, 18.41, 27.06, '0000.00.00', 1.201, 7.206, 6.000, 'MT', 12.000, 3, 5, 1, 1, 109, '', NULL),
(108, 11.97, 17.60, '0000.00.00', 0.770, 4.620, 6.000, 'MT', 12.000, 3, 1, 1, 1, 110, '', NULL),
(109, 14.43, 21.21, '0000.00.00', 0.929, 5.574, 6.000, 'MT', 12.000, 3, 5, 1, 1, 111, '', NULL),
(110, 17.29, 25.42, '0000.00.00', 1.112, 6.672, 6.000, 'MT', 12.000, 3, 5, 1, 1, 112, '', NULL),
(111, 22.84, 33.57, '0000.00.00', 1.470, 8.820, 6.000, 'MT', 12.000, 3, 5, 1, 1, 113, '', NULL),
(112, 17.93, 26.36, '0000.00.00', 1.153, 6.918, 6.000, 'MT', 12.000, 3, 5, 1, 1, 114, '', NULL),
(113, 21.59, 31.74, '0000.00.00', 1.390, 8.340, 6.000, 'MT', 12.000, 3, 5, 1, 1, 115, '', NULL),
(114, 28.78, 42.31, '0000.00.00', 1.853, 11.118, 6.000, 'MT', 12.000, 3, 5, 1, 1, 116, '', NULL),
(115, 21.00, 30.87, '0000.00.00', 1.352, 8.112, 6.000, 'MT', 12.000, 3, 5, 1, 1, 117, '', NULL),
(116, 25.05, 36.82, '0000.00.00', 1.613, 9.678, 6.000, 'MT', 12.000, 3, 5, 1, 1, 118, '', NULL),
(117, 33.02, 48.54, '0000.00.00', 2.126, 12.756, 6.000, 'KG', 12.000, 3, 5, 1, 1, 119, '', NULL),
(118, 23.30, 34.25, '0000.00.00', 1.500, 9.000, 6.000, 'MT', 12.000, 3, 5, 1, 1, 120, '', NULL),
(119, 28.87, 42.44, '0000.00.00', 1.858, 11.148, 6.000, 'MT', 12.000, 3, 5, 1, 1, 121, '', NULL),
(120, 37.99, 55.85, '0000.00.00', 2.444, 14.664, 6.000, 'MT', 12.000, 3, 5, 1, 1, 122, '', NULL),
(121, 57.73, 84.86, '0000.00.00', 3.660, 21.960, 6.000, 'MT', 12.000, 3, 5, 1, 1, 123, '', NULL),
(122, 29.20, 42.92, '0000.00.00', 1.879, 11.274, 6.000, 'MT', 12.000, 3, 5, 1, 1, 124, '', NULL),
(123, 36.30, 53.36, '0000.00.00', 2.337, 14.022, 6.000, 'MT', 12.000, 3, 5, 1, 1, 125, '', NULL),
(124, 48.02, 70.59, '0000.00.00', 3.091, 18.546, 6.000, 'MT', 12.000, 3, 5, 1, 1, 126, '', NULL),
(125, 72.60, 106.72, '0000.00.00', 4.640, 27.840, 6.000, 'MT', 12.000, 3, 5, 1, 1, 127, '', NULL),
(126, 43.59, 64.08, '0000.00.00', 2.806, 16.836, 6.000, 'MT', 12.000, 3, 5, 1, 1, 128, '', NULL),
(127, 56.86, 83.58, '0000.00.00', 3.660, 21.960, 6.000, 'MT', 12.000, 3, 5, 1, 1, 129, '', NULL),
(128, 85.30, 125.39, '0000.00.00', 5.490, 32.940, 6.000, 'MT', 12.000, 3, 5, 1, 1, 130, '', NULL),
(129, 58.18, 85.52, '0000.00.00', 3.735, 22.410, 6.000, 'MT', 12.000, 3, 5, 1, 1, 131, '', NULL),
(130, 77.58, 114.04, '0000.00.00', 4.980, 29.880, 6.000, 'MT', 12.000, 3, 5, 1, 1, 132, '', NULL),
(131, 116.36, 171.05, '0000.00.00', 7.470, 44.820, 6.000, 'MT', 12.000, 3, 5, 1, 1, 133, '', NULL),
(132, 97.37, 143.13, '0000.00.00', 6.250, 37.500, 6.000, 'MT', 12.000, 3, 5, 1, 1, 134, '', NULL),
(133, 146.24, 214.97, '0000.00.00', 9.300, 55.800, 6.000, 'MT', 12.000, 3, 5, 1, 1, 135, '', NULL),
(134, 8.17, 12.01, '0000.00.00', 0.530, 3.180, 6.000, 'MT', 12.000, 3, 6, 1, 1, 136, '', NULL),
(135, 11.09, 16.30, '0000.00.00', 0.720, 4.320, 6.000, 'MT', 12.000, 3, 6, 1, 1, 137, '', NULL),
(136, 13.32, 19.58, '0000.00.00', 0.864, 5.184, 6.000, 'MT', 12.000, 3, 6, 1, 1, 138, '', NULL),
(137, 12.00, 17.64, '0000.00.00', 0.779, 4.674, 6.000, 'KG', 12.000, 3, 6, 1, 1, 139, '', NULL),
(138, 14.32, 21.05, '0000.00.00', 0.929, 5.574, 6.000, 'MT', 12.000, 3, 6, 1, 1, 140, '', NULL),
(139, 17.73, 26.06, '0000.00.00', 1.140, 6.840, 6.000, 'PÇ', 2.000, 3, 6, 1, 1, 141, '', NULL),
(140, 14.39, 21.15, '0000.00.00', 0.929, 5.574, 6.000, 'MT', 12.000, 3, 6, 1, 1, 142, '', NULL),
(141, 17.23, 25.33, '0000.00.00', 1.112, 6.672, 6.000, 'MT', 12.000, 3, 6, 1, 1, 144, '', NULL),
(142, 14.32, 21.05, '0000.00.00', 0.929, 5.574, 6.000, 'MT', 12.000, 3, 6, 1, 1, 145, '', NULL),
(143, 17.16, 25.23, '0000.00.00', 1.113, 6.678, 6.000, 'MT', 12.000, 3, 6, 1, 1, 147, '', NULL),
(144, 21.26, 31.25, '0000.00.00', 1.380, 8.280, 6.000, 'MT', 12.000, 3, 6, 1, 1, 148, '', NULL),
(145, 19.72, 28.99, '0000.00.00', 1.280, 7.680, 6.000, 'MT', 12.000, 3, 6, 1, 1, 149, '', NULL),
(146, 23.53, 34.59, '0000.00.00', 1.527, 9.162, 6.000, 'MT', 12.000, 3, 6, 1, 1, 150, '', NULL),
(147, 21.10, 31.02, '0000.00.00', 1.370, 8.220, 6.000, 'MT', 12.000, 3, 6, 1, 1, 151, '', NULL),
(148, 26.20, 38.51, '0000.00.00', 1.700, 10.200, 6.000, 'MT', 12.000, 3, 6, 1, 1, 152, '', NULL),
(149, 22.96, 33.75, '0000.00.00', 1.490, 8.940, 6.000, 'MT', 12.000, 3, 6, 1, 1, 153, '', NULL),
(150, 28.26, 41.54, '0000.00.00', 1.833, 10.998, 6.000, 'MT', 12.000, 3, 6, 1, 1, 154, '', NULL),
(151, 37.68, 55.39, '0000.00.00', 2.444, 14.664, 6.000, 'MT', 12.000, 3, 1, 1, 1, 155, '', NULL),
(152, 32.12, 47.22, '0000.00.00', 2.084, 12.504, 6.000, 'MT', 12.000, 3, 1, 1, 1, 156, '', NULL),
(153, 42.43, 62.37, '0000.00.00', 2.754, 16.524, 6.000, 'MT', 12.000, 3, 6, 1, 1, 157, '', NULL),
(154, 34.50, 50.72, '0000.00.00', 2.239, 13.434, 6.000, 'MT', 12.000, 3, 6, 1, 1, 158, '', NULL),
(155, 45.51, 66.90, '0000.00.00', 2.985, 17.910, 6.000, 'MT', 12.000, 3, 6, 1, 1, 159, '', NULL),
(156, 43.16, 63.45, '0000.00.00', 2.800, 16.800, 6.000, 'MT', 12.000, 3, 6, 1, 1, 160, '', NULL),
(157, 57.19, 84.07, '0000.00.00', 3.710, 22.260, 6.000, 'MT', 12.000, 3, 1, 1, 1, 161, '', NULL),
(158, 53.80, 79.09, '0000.00.00', 3.490, 20.940, 6.000, 'MT', 12.000, 3, 6, 1, 1, 162, '', NULL),
(159, 71.99, 105.83, '0000.00.00', 4.670, 28.020, 6.000, 'MT', 12.000, 3, 1, 1, 1, 163, '', NULL),
(160, 15.04, 22.11, '0000.00.00', 0.250, 1.500, 6.000, 'KG', 12.000, 3, 7, 1, 1, 164, '1/4', NULL),
(161, 15.04, 22.11, '0000.00.00', 0.390, 2.340, 6.000, 'KG', 12.000, 3, 7, 1, 1, 165, '5/16', NULL),
(162, 15.04, 22.11, '0000.00.00', 0.560, 3.360, 6.000, 'KG', 12.000, 3, 7, 1, 1, 166, '3/8', NULL),
(163, 15.04, 22.11, '0000.00.00', 0.760, 4.560, 6.000, 'KG', 12.000, 3, 7, 1, 1, 167, '7/16', NULL),
(164, 15.04, 22.11, '0000.00.00', 1.260, 7.560, 6.000, 'KG', 12.000, 3, 7, 1, 1, 168, '9/16', NULL),
(165, 15.04, 22.11, '0000.00.00', 1.550, 9.300, 6.000, 'KG', 12.000, 3, 7, 1, 1, 169, '5/8', NULL),
(166, 15.04, 22.11, '0000.00.00', 2.240, 13.440, 6.000, 'KG', 12.000, 3, 7, 1, 1, 170, '3/4', NULL),
(167, 15.04, 22.11, '0000.00.00', 3.040, 18.240, 6.000, 'KG', 12.000, 3, 7, 1, 1, 171, '7/8', NULL),
(168, 15.04, 22.11, '0000.00.00', 3.970, 23.820, 6.000, 'KG', 12.000, 3, 7, 1, 1, 172, '1', NULL),
(169, 15.04, 22.11, '0000.00.00', 6.210, 37.260, 6.000, 'KG', 12.000, 3, 7, 1, 1, 173, '1 1/4', NULL),
(170, 15.04, 22.11, '0000.00.00', 8.940, 53.640, 6.000, 'KG', 12.000, 3, 7, 1, 1, 174, '1 1/2', NULL),
(171, 15.04, 22.11, '0000.00.00', 12.700, 76.200, 6.000, 'KG', 12.000, 3, 7, 1, 1, 175, '1 3/4', NULL),
(172, 15.04, 22.11, '0000.00.00', 15.900, 95.400, 6.000, 'KG', 12.000, 3, 7, 1, 1, 176, '2', NULL),
(173, 15.00, 22.05, '7219.00.00', 2.200, 0.000, 0.000, 'KG', 50.000, 3, 13, 1, 2, 177, '', NULL);

CREATE TABLE IF NOT EXISTS `quimica` (
  `idQuimica` int(11) NOT NULL AUTO_INCREMENT,
  `nmQuimica` varchar(255) NOT NULL,
  PRIMARY KEY (`idQuimica`)
) ENGINE=InnoDB  DEFAULT CHARSET=latin1 AUTO_INCREMENT=4 ;

INSERT INTO `quimica` (`idQuimica`, `nmQuimica`) VALUES
(1, '304'),
(2, '430'),
(3, 'PAPEL MOEDA');

CREATE TABLE IF NOT EXISTS `tipo` (
  `idTipo` int(11) NOT NULL AUTO_INCREMENT,
  `nmTipo` varchar(255) NOT NULL,
  PRIMARY KEY (`idTipo`)
) ENGINE=InnoDB  DEFAULT CHARSET=latin1 AUTO_INCREMENT=14 ;

INSERT INTO `tipo` (`idTipo`, `nmTipo`) VALUES
(1, 'TUBO OD'),
(3, 'TUBO SCH 10'),
(4, 'TUBO SCH 40'),
(5, 'TUBO QUADRADO'),
(6, 'TUBO RETANGULAR'),
(7, 'BARRA REDONDA'),
(8, 'BARRA CHATA'),
(9, 'CANTONEIRA1'),
(10, 'SUCATA PONTAS/ RETALHOS 304'),
(11, 'CHAPA'),
(12, 'TUBO SCH 5'),
(13, 'CHAPA PERFURADA');

CREATE TABLE IF NOT EXISTS `usuario` (
  `idUsuario` int(11) NOT NULL AUTO_INCREMENT,
  `nmUsuario` varchar(255) COLLATE utf8_unicode_ci NOT NULL,
  `cdLogin` varchar(255) COLLATE utf8_unicode_ci NOT NULL,
  `cdSenha` varchar(255) COLLATE utf8_unicode_ci NOT NULL,
  PRIMARY KEY (`idUsuario`),
  UNIQUE KEY `cdLogin` (`cdLogin`)
) ENGINE=InnoDB  DEFAULT CHARSET=utf8 COLLATE=utf8_unicode_ci AUTO_INCREMENT=2 ;

INSERT INTO `usuario` (`idUsuario`, `nmUsuario`, `cdLogin`, `cdSenha`) VALUES
(1, 'Administrador', 'admin', 'santarosa');


ALTER TABLE `entrega`
  ADD CONSTRAINT `entrega_item` FOREIGN KEY (`idItem`) REFERENCES `item` (`idItem`) ON DELETE NO ACTION ON UPDATE NO ACTION;

ALTER TABLE `item`
  ADD CONSTRAINT `pedido` FOREIGN KEY (`idPedido`) REFERENCES `pedido` (`idPedido`),
  ADD CONSTRAINT `produto` FOREIGN KEY (`idProduto`) REFERENCES `produto` (`idProduto`);

ALTER TABLE `pagamento`
  ADD CONSTRAINT `pagamento_pedido` FOREIGN KEY (`idPedido`) REFERENCES `pedido` (`idPedido`) ON DELETE NO ACTION ON UPDATE NO ACTION;

ALTER TABLE `pedido`
  ADD CONSTRAINT `pessoa` FOREIGN KEY (`idPessoa`) REFERENCES `pessoa` (`idPessoa`) ON DELETE NO ACTION ON UPDATE NO ACTION,
  ADD CONSTRAINT `usuario` FOREIGN KEY (`idUsuario`) REFERENCES `usuario` (`idUsuario`);

ALTER TABLE `produto`
  ADD CONSTRAINT `fornecedor` FOREIGN KEY (`idPessoa`) REFERENCES `pessoa` (`idPessoa`) ON DELETE NO ACTION ON UPDATE NO ACTION,
  ADD CONSTRAINT `material` FOREIGN KEY (`idMaterial`) REFERENCES `material` (`idMaterial`),
  ADD CONSTRAINT `medida` FOREIGN KEY (`idMedida`) REFERENCES `medida` (`idMedida`),
  ADD CONSTRAINT `quimica` FOREIGN KEY (`idQuimica`) REFERENCES `quimica` (`idQuimica`),
  ADD CONSTRAINT `tipo` FOREIGN KEY (`idTipo`) REFERENCES `tipo` (`idTipo`);

/*!40101 SET CHARACTER_SET_CLIENT=@OLD_CHARACTER_SET_CLIENT */;
/*!40101 SET CHARACTER_SET_RESULTS=@OLD_CHARACTER_SET_RESULTS */;
/*!40101 SET COLLATION_CONNECTION=@OLD_COLLATION_CONNECTION */;